{
  "nodes": {
    "translator#4": {
      "rfNode": {
        "position": {
          "x": 161.13268069692018,
          "y": 160.15180173592177
        }
      }
    }
  }
}